datetime,tweet_id,text,username,like_count,retweet_count,reply_count,quote_count,date,day,month,time,hour,minute,hashtags,arrobas,text_clean,tranches_like,hash_solidarite
2022-02-24 13:06:33+00:00,1496833929076436996,#Ukraine | DÃ©claration du PrÃ©sident de la RÃ©publique franÃ§aise @EmmanuelMacron https://t.co/8sKrCCwVM9,gouvernementFR,259,83,23,4,2022-02-24,24,2,13:06:33,13,6,['#Ukraine'],['@EmmanuelMacron'],#Ukraine | DÃ©claration du PrÃ©sident de la RÃ©publique franÃ§aise @EmmanuelMacron ,[201-500 likes],0
2022-02-25 14:30:00+00:00,1497217320749572101,"#Ukraine | ğŸ‡ºğŸ‡¦ ğŸ‡«ğŸ‡· Ã€ la suite de la classification en pays Â« rouge Â» de lâ€™Ukraine, une cellule dâ€™Ã©coute a Ã©tÃ© mise Ã  disposition des ressortissants franÃ§ais. â¤µï¸
https://t.co/uvsUSfM0Oj",gouvernementFR,63,30,7,2,2022-02-25,25,2,14:30:00,14,30,['#Ukraine'],[],"#Ukraine | ğŸ‡ºğŸ‡¦ ğŸ‡«ğŸ‡· Ã€ la suite de la classification en pays Â« rouge Â» de lâ€™Ukraine, une cellule dâ€™Ã©coute a Ã©tÃ© mise Ã  disposition des ressortissants franÃ§ais. â¤µï¸
",[1-100 likes],0
2022-02-27 17:17:40+00:00,1497984290730262528,"#PFUE2022 ğŸ‡«ğŸ‡·ğŸ‡ªğŸ‡º | Depuis Bruxelles, suivez en direct la confÃ©rence de presse de @GDarmanin, ministre de l'IntÃ©rieur et @YlvaJohansson, commissaire europÃ©enne aux #AffairesIntÃ©rieures. 

#Ukraine https://t.co/vbl66r8QIl",gouvernementFR,41,14,0,0,2022-02-27,27,2,17:17:40,17,17,"['#PFUE', '#AffairesInt', '#Ukraine']","['@GDarmanin', '@YlvaJohansson']","#PFUE2022 ğŸ‡«ğŸ‡·ğŸ‡ªğŸ‡º | Depuis Bruxelles, suivez en direct la confÃ©rence de presse de @GDarmanin, ministre de l'IntÃ©rieur et @YlvaJohansson, commissaire europÃ©enne aux #AffairesIntÃ©rieures. 

#Ukraine ",[1-100 likes],0
2022-02-27 17:14:43+00:00,1497983545654104073,"EN DIRECT #PFUE2022 ğŸ‡«ğŸ‡·ğŸ‡ªğŸ‡º | Depuis Bruxelles, suivez la confÃ©rence de presse de @GDarmanin, ministre de l'IntÃ©rieur et @YlvaJohansson, commissaire europÃ©enne aux #AffairesIntÃ©rieures. #Ukraine  https://t.co/UwDAmyptcB",Interieur_Gouv,187,73,17,5,2022-02-27,27,2,17:14:43,17,14,"['#PFUE', '#AffairesInt', '#Ukraine']","['@GDarmanin', '@YlvaJohansson']","EN DIRECT #PFUE2022 ğŸ‡«ğŸ‡·ğŸ‡ªğŸ‡º | Depuis Bruxelles, suivez la confÃ©rence de presse de @GDarmanin, ministre de l'IntÃ©rieur et @YlvaJohansson, commissaire europÃ©enne aux #AffairesIntÃ©rieures. #Ukraine  ",[101-200 likes],0
2022-03-01 14:04:05+00:00,1498660348131483649,EN DIRECT | Situation en #UkraineÂ : suivez la dÃ©claration du Premier ministre @JeanCastex devant lâ€™AssemblÃ©e nationale. https://t.co/HU73GpPR2L,gouvernementFR,271,131,100,12,2022-03-01,1,3,14:04:05,14,4,['#Ukraine'],['@JeanCastex'],EN DIRECT | Situation en #UkraineÂ : suivez la dÃ©claration du Premier ministre @JeanCastex devant lâ€™AssemblÃ©e nationale. ,[201-500 likes],0
2022-03-01 18:06:17+00:00,1498721298129866758,EN DIRECT | Situation en #UkraineÂ : suivez la dÃ©claration du Premier ministre @JeanCastex devant le SÃ©nat. https://t.co/MLVErZDw5f,gouvernementFR,97,40,208,4,2022-03-01,1,3,18:06:17,18,6,['#Ukraine'],['@JeanCastex'],EN DIRECT | Situation en #UkraineÂ : suivez la dÃ©claration du Premier ministre @JeanCastex devant le SÃ©nat. ,[1-100 likes],0
2022-03-02 19:01:50+00:00,1499097665971560448,#Ukraine | Adresse aux FranÃ§ais du PrÃ©sident de la RÃ©publique franÃ§aise @EmmanuelMacron. https://t.co/rSnWt9voe5,gouvernementFR,93,30,8,3,2022-03-02,2,3,19:01:50,19,1,['#Ukraine'],['@EmmanuelMacron'],#Ukraine | Adresse aux FranÃ§ais du PrÃ©sident de la RÃ©publique franÃ§aise @EmmanuelMacron. ,[1-100 likes],0
2022-03-03 16:20:22+00:00,1499419419931463688,"ğŸ¥#PFUE2022 ğŸ‡«ğŸ‡·ğŸ‡ªğŸ‡º | Depuis #Bruxelles, suivez la confÃ©rence de presse de @GDarmanin, ministre de l'IntÃ©rieur et @YlvaJohansson, commissaire europÃ©enne aux #AffairesIntÃ©rieures, Ã  l'issue du Conseil des ministres de lâ€™IntÃ©rieur europÃ©ens. @UEFrance #Ukraine https://t.co/cB39lMEszB",Interieur_Gouv,43,23,12,3,2022-03-03,3,3,16:20:22,16,20,"['#PFUE', '#Bruxelles', '#AffairesInt', '#Ukraine']","['@GDarmanin', '@YlvaJohansson', '@UEFrance']","ğŸ¥#PFUE2022 ğŸ‡«ğŸ‡·ğŸ‡ªğŸ‡º | Depuis #Bruxelles, suivez la confÃ©rence de presse de @GDarmanin, ministre de l'IntÃ©rieur et @YlvaJohansson, commissaire europÃ©enne aux #AffairesIntÃ©rieures, Ã  l'issue du Conseil des ministres de lâ€™IntÃ©rieur europÃ©ens. @UEFrance #Ukraine ",[1-100 likes],0
2022-03-04 18:35:37+00:00,1499815846218240006,EN DIRECT | Situation en #UkraineÂ : le Premier ministre @JeanCastex sâ€™exprime depuis le centre de crise et de soutien du ministÃ¨re de lâ€™Europe et des Affaires Ã©trangÃ¨res. https://t.co/IumDDI8LWS,gouvernementFR,208,90,311,6,2022-03-04,4,3,18:35:37,18,35,['#Ukraine'],['@JeanCastex'],EN DIRECT | Situation en #UkraineÂ : le Premier ministre @JeanCastex sâ€™exprime depuis le centre de crise et de soutien du ministÃ¨re de lâ€™Europe et des Affaires Ã©trangÃ¨res. ,[201-500 likes],0
2022-03-08 09:34:04+00:00,1501129110432755717,EN DIRECT | ğŸ‡ºğŸ‡¦ğŸ‡ªğŸ‡ºğŸ‡«ğŸ‡· SolidaritÃ© avec les rÃ©fugiÃ©s venus d'#Ukraine : suivez l'intervention du Premier ministre @JeanCastex depuis le centre d'accueil de Paris. https://t.co/dflbWT5NhB,gouvernementFR,144,53,55,3,2022-03-08,8,3,09:34:04,9,34,['#Ukraine'],['@JeanCastex'],EN DIRECT | ğŸ‡ºğŸ‡¦ğŸ‡ªğŸ‡ºğŸ‡«ğŸ‡· SolidaritÃ© avec les rÃ©fugiÃ©s venus d'#Ukraine : suivez l'intervention du Premier ministre @JeanCastex depuis le centre d'accueil de Paris. ,[101-200 likes],0
2022-03-08 17:31:04+00:00,1501249151761268739,"[#Ukraine] PensÃ©es fraternelles et solidaires aux
130 000 hommes et femmes de la police nationale ukrainienne. #Ğ£ĞºÑ€Ğ°Ñ—Ğ½Ğ° https://t.co/YqaYRqKFD7",PoliceNationale,609,90,68,4,2022-03-08,8,3,17:31:04,17,31,['#Ukraine'],[],"[#Ukraine] PensÃ©es fraternelles et solidaires aux
130 000 hommes et femmes de la police nationale ukrainienne. #Ğ£ĞºÑ€Ğ°Ñ—Ğ½Ğ° ",>500 likes,0
2022-03-10 17:02:39+00:00,1501966777823150091,"#UkraineğŸ‡ºğŸ‡¦| @MarleneSchiappaÂ est venue observer Ã  la Gare de l'Est le dispositif de protection temporaire mis en place pour les dÃ©placÃ©s ukrainiens. L'objectif ? Leur permettre de : 
ğŸ‘‰ Rester sur le sol ğŸ‡«ğŸ‡·
ğŸ‘‰ BÃ©nÃ©ficier d'une protection 
ğŸ‘‰Circuler dans l'ğŸ‡ªğŸ‡º",Interieur_Gouv,117,46,25,3,2022-03-10,10,3,17:02:39,17,2,['#Ukraine'],['@MarleneSchiappa'],"#UkraineğŸ‡ºğŸ‡¦| @MarleneSchiappaÂ est venue observer Ã  la Gare de l'Est le dispositif de protection temporaire mis en place pour les dÃ©placÃ©s ukrainiens. L'objectif ? Leur permettre de : 
ğŸ‘‰ Rester sur le sol ğŸ‡«ğŸ‡·
ğŸ‘‰ BÃ©nÃ©ficier d'une protection 
ğŸ‘‰Circuler dans l'ğŸ‡ªğŸ‡º",[101-200 likes],0
2022-03-14 17:11:57+00:00,1503418668289515520,"ğŸ‡ºğŸ‡¦ La SÃ©curitÃ© civile engage ses moyens pour participer Ã  l'action de solidaritÃ© de la France envers l'#Ukraine :  ğŸ‘¨â€ğŸš’ Envoi de logisticiens en Moldavie et en Pologne
âœˆï¸ğŸš› Acheminement par voie terrestre en Slovaquie et aÃ©rienne en Pologne de matÃ©riels sanitaires et de secours https://t.co/Mv3kHnfUUN",SecCivileFrance,235,64,3,2,2022-03-14,14,3,17:11:57,17,11,['#Ukraine'],[],"ğŸ‡ºğŸ‡¦ La SÃ©curitÃ© civile engage ses moyens pour participer Ã  l'action de solidaritÃ© de la France envers l'#Ukraine :  ğŸ‘¨â€ğŸš’ Envoi de logisticiens en Moldavie et en Pologne
âœˆï¸ğŸš› Acheminement par voie terrestre en Slovaquie et aÃ©rienne en Pologne de matÃ©riels sanitaires et de secours ",[201-500 likes],0
2022-03-16 08:00:01+00:00,1504004546288230402,"#Ukraine | ğŸ‡ºğŸ‡¦ğŸ‡«ğŸ‡· Position de la France, soutien aux rÃ©fugiÃ©s, plan de rÃ©silience... Retrouvez toutes les informations officielles sur la crise en Ukraine. â¤µï¸
https://t.co/UyQnOXeuaS",gouvernementFR,45,19,7,2,2022-03-16,16,3,08:00:01,8,0,['#Ukraine'],[],"#Ukraine | ğŸ‡ºğŸ‡¦ğŸ‡«ğŸ‡· Position de la France, soutien aux rÃ©fugiÃ©s, plan de rÃ©silience... Retrouvez toutes les informations officielles sur la crise en Ukraine. â¤µï¸
",[1-100 likes],0
2022-03-17 16:49:44+00:00,1504500243261448207,"ğŸ“Œ Le directeur gÃ©nÃ©ral a rÃ©uni ce matin les chefs des Ã‰tats-majors interministÃ©riels de zone. Parmi les sujets abordÃ©s â¤µï¸
ğŸ‡ºğŸ‡¦ Actions de solidaritÃ© ğŸ‡«ğŸ‡· envers l'#Ukraine
ğŸ”¥ Orientations pour la campagne #FeuxDeForÃªt 2022
ğŸ§‘â€ğŸš’ Mobilisation de la SÃ©curitÃ© civile pour les JO #Paris2024 https://t.co/TbTmDk43me",SecCivileFrance,86,30,0,0,2022-03-17,17,3,16:49:44,16,49,"['#Ukraine', '#FeuxDeFor', '#Paris']",[],"ğŸ“Œ Le directeur gÃ©nÃ©ral a rÃ©uni ce matin les chefs des Ã‰tats-majors interministÃ©riels de zone. Parmi les sujets abordÃ©s â¤µï¸
ğŸ‡ºğŸ‡¦ Actions de solidaritÃ© ğŸ‡«ğŸ‡· envers l'#Ukraine
ğŸ”¥ Orientations pour la campagne #FeuxDeForÃªt 2022
ğŸ§‘â€ğŸš’ Mobilisation de la SÃ©curitÃ© civile pour les JO #Paris2024 ",[1-100 likes],0
2022-03-22 11:38:25+00:00,1506233836132261893,"SolidaritÃ© avec lâ€™#Ukraine ğŸ‡ºğŸ‡¦ğŸ¤ğŸ‡«ğŸ‡·
DÃ©part demain dâ€™un convoi de 50 engins de la SÃ©curitÃ© civile pour la Roumanie 
ğŸš’27 vÃ©hicules dâ€™incendie et de secours donnÃ©s par 17 SDIS de toute la France 
ğŸš›49T de fret (matÃ©riel mÃ©dical et dâ€™intervention) acheminÃ©es par les sapeurs-sauveteurs https://t.co/4U3RIcNUQ8",SecCivileFrance,448,144,14,16,2022-03-22,22,3,11:38:25,11,38,['#Ukraine'],[],"SolidaritÃ© avec lâ€™#Ukraine ğŸ‡ºğŸ‡¦ğŸ¤ğŸ‡«ğŸ‡·
DÃ©part demain dâ€™un convoi de 50 engins de la SÃ©curitÃ© civile pour la Roumanie 
ğŸš’27 vÃ©hicules dâ€™incendie et de secours donnÃ©s par 17 SDIS de toute la France 
ğŸš›49T de fret (matÃ©riel mÃ©dical et dâ€™intervention) acheminÃ©es par les sapeurs-sauveteurs ",[201-500 likes],0
2022-03-22 16:05:55+00:00,1506301154317193230,EN DIRECT | Accueil des rÃ©fugiÃ©s venus dâ€™#Ukraine : suivez la dÃ©claration de @JeanCastex Ã  lâ€™issue de la cellule interministÃ©rielle de crise qui sâ€™est tenue au ministÃ¨re de lâ€™@Interieur_Gouv. https://t.co/OPX03U2eWl,gouvernementFR,150,55,104,11,2022-03-22,22,3,16:05:55,16,5,['#Ukraine'],"['@JeanCastex', '@Interieur']",EN DIRECT | Accueil des rÃ©fugiÃ©s venus dâ€™#Ukraine : suivez la dÃ©claration de @JeanCastex Ã  lâ€™issue de la cellule interministÃ©rielle de crise qui sâ€™est tenue au ministÃ¨re de lâ€™@Interieur_Gouv. ,[101-200 likes],0
2022-03-23 17:06:43+00:00,1506678841103863808,"#SolidaritÃ© #Ukraine ğŸ‡ºğŸ‡¦ğŸ¤ğŸ‡«ğŸ‡· Le convoi Ã  destination de la Roumanie est parti ce matin.
ğŸš’ğŸ§‘â€ğŸš’ Les 50 engins et les 100 sapeurs-pompiers et sapeurs-sauveteurs mobilisÃ©s ont 2 200km Ã  parcourir avant de distribuer matÃ©riels et vÃ©hicules au profit de leurs homologues ukrainiens. https://t.co/VIkYRQxXmC",SecCivileFrance,494,119,7,8,2022-03-23,23,3,17:06:43,17,6,"['#Solidarit', '#Ukraine']",[],"#SolidaritÃ© #Ukraine ğŸ‡ºğŸ‡¦ğŸ¤ğŸ‡«ğŸ‡· Le convoi Ã  destination de la Roumanie est parti ce matin.
ğŸš’ğŸ§‘â€ğŸš’ Les 50 engins et les 100 sapeurs-pompiers et sapeurs-sauveteurs mobilisÃ©s ont 2 200km Ã  parcourir avant de distribuer matÃ©riels et vÃ©hicules au profit de leurs homologues ukrainiens. ",[201-500 likes],1
2022-03-24 16:15:10+00:00,1507028257438375942,EN DIRECT | Accueil des rÃ©fugiÃ©s venus dâ€™#UkraineÂ : suivez la dÃ©claration du Premier ministre @JeanCastex depuis le centre dâ€™hÃ©bergement provisoire de Nice. https://t.co/9MsGlJ8BTL,gouvernementFR,135,47,139,3,2022-03-24,24,3,16:15:10,16,15,['#Ukraine'],['@JeanCastex'],EN DIRECT | Accueil des rÃ©fugiÃ©s venus dâ€™#UkraineÂ : suivez la dÃ©claration du Premier ministre @JeanCastex depuis le centre dâ€™hÃ©bergement provisoire de Nice. ,[101-200 likes],0
2022-03-24 17:04:25+00:00,1507040652634243073,"#SolidaritÃ© #Ukraine ğŸ‡ºğŸ‡¦ğŸ¤ğŸ‡«ğŸ‡·  Thomas est sapeur-pompier volontaire au sein du @SDIS41 et il fait partie du convoi de la SÃ©curitÃ© civile parti en Roumanie pour acheminer des matÃ©riels et des vÃ©hicules.
ğŸ§‘â€ğŸš’ğŸ’¬ Il nous livre ses premiÃ¨res impressions â¤µï¸ https://t.co/7oVB6KuKcJ",SecCivileFrance,142,35,5,6,2022-03-24,24,3,17:04:25,17,4,"['#Solidarit', '#Ukraine']",['@SDIS'],"#SolidaritÃ© #Ukraine ğŸ‡ºğŸ‡¦ğŸ¤ğŸ‡«ğŸ‡·  Thomas est sapeur-pompier volontaire au sein du @SDIS41 et il fait partie du convoi de la SÃ©curitÃ© civile parti en Roumanie pour acheminer des matÃ©riels et des vÃ©hicules.
ğŸ§‘â€ğŸš’ğŸ’¬ Il nous livre ses premiÃ¨res impressions â¤µï¸ ",[101-200 likes],1
2022-03-26 20:08:31+00:00,1507811758202929154,"#SolidaritÃ© #UkraineğŸ‡ºğŸ‡¦ğŸ¤ğŸ‡«ğŸ‡· AprÃ¨s 2 200 kilomÃ¨tres de voyage, le convoi de la SÃ©curitÃ© civile est arrivÃ© en #Roumanie. Les 27 vÃ©hicules dâ€™incendie et de secours et les 49 tonnes de matÃ©riel mÃ©dical et dâ€™intervention seront transmis dans les prochains jours aux pompiers ukrainiens. https://t.co/93pfdwR1jT",SecCivileFrance,1241,333,29,26,2022-03-26,26,3,20:08:31,20,8,"['#Solidarit', '#Ukraine', '#Roumanie']",[],"#SolidaritÃ© #UkraineğŸ‡ºğŸ‡¦ğŸ¤ğŸ‡«ğŸ‡· AprÃ¨s 2 200 kilomÃ¨tres de voyage, le convoi de la SÃ©curitÃ© civile est arrivÃ© en #Roumanie. Les 27 vÃ©hicules dâ€™incendie et de secours et les 49 tonnes de matÃ©riel mÃ©dical et dâ€™intervention seront transmis dans les prochains jours aux pompiers ukrainiens. ",>500 likes,1
2022-03-27 11:17:46+00:00,1508040576628928519,"#SolidaritÃ© ğŸ‡ºğŸ‡¦ğŸ¤ğŸ‡«ğŸ‡· DÃ©part ce matin pour lâ€™#Ukraine des 27 vÃ©hicules dâ€™incendie et de secours et des 49 tonnes de matÃ©riels donnÃ©s par la France.
ğŸ‘ Merci aux sapeurs-sauveteurs, sapeurs-pompiers et logisticiens qui ont rendu possible cette opÃ©ration conjointe avec le @CdCMAE ! https://t.co/JPKBySC86z",SecCivileFrance,504,108,7,8,2022-03-27,27,3,11:17:46,11,17,"['#Solidarit', '#Ukraine']",['@CdCMAE'],"#SolidaritÃ© ğŸ‡ºğŸ‡¦ğŸ¤ğŸ‡«ğŸ‡· DÃ©part ce matin pour lâ€™#Ukraine des 27 vÃ©hicules dâ€™incendie et de secours et des 49 tonnes de matÃ©riels donnÃ©s par la France.
ğŸ‘ Merci aux sapeurs-sauveteurs, sapeurs-pompiers et logisticiens qui ont rendu possible cette opÃ©ration conjointe avec le @CdCMAE ! ",>500 likes,1
2022-03-30 14:39:20+00:00,1509178469434990594,"ğŸ‡ºğŸ‡¦#Ukraine | Un livret d'accueil est mis Ã  disposition des personnes dÃ©placÃ©es d'Ukraine.
Les informations indispensables : 
ğŸ‘‰La protection temporaire
ğŸ‘‰OÃ¹ se renseigner sur ses droits ? 
ğŸ‘‰Contacts utiles
En savoir â• ğŸ‘‡ https://t.co/gc8CXEXTpf",PorteParoleMI,52,34,7,2,2022-03-30,30,3,14:39:20,14,39,['#Ukraine'],[],"ğŸ‡ºğŸ‡¦#Ukraine | Un livret d'accueil est mis Ã  disposition des personnes dÃ©placÃ©es d'Ukraine.
Les informations indispensables : 
ğŸ‘‰La protection temporaire
ğŸ‘‰OÃ¹ se renseigner sur ses droits ? 
ğŸ‘‰Contacts utiles
En savoir â• ğŸ‘‡ ",[1-100 likes],0
2022-03-30 14:32:04+00:00,1509176637371334658,"#Ukraine | Collecte de matÃ©riel, accueil de rÃ©fugiÃ©s, donsâ€¦ Depuis le dÃ©but de la guerre en Ukraine, les FranÃ§ais expriment massivement leur solidaritÃ©. Mais comment Ãªtre sÃ»r que cette gÃ©nÃ©rositÃ© parvienne bien aux personnes concernÃ©es ?

Les rÃ©ponses : https://t.co/cPULdQGGCf",gouvernementFR,36,18,9,0,2022-03-30,30,3,14:32:04,14,32,['#Ukraine'],[],"#Ukraine | Collecte de matÃ©riel, accueil de rÃ©fugiÃ©s, donsâ€¦ Depuis le dÃ©but de la guerre en Ukraine, les FranÃ§ais expriment massivement leur solidaritÃ©. Mais comment Ãªtre sÃ»r que cette gÃ©nÃ©rositÃ© parvienne bien aux personnes concernÃ©es ?

Les rÃ©ponses : ",[1-100 likes],0
2022-04-14 11:22:44+00:00,1514564810284875778,"#Ukraine â€¢ Sur le terrain, les gendarmes de l'#IRCGN, experts en scÃ¨nes de crimes et identification des victimes, apportent leur appui technique aux autoritÃ©s ukrainiennes. Les rÃ©sultats de leurs constatations pourront aussi Ãªtre transmis aux juridictions internationales. https://t.co/TrHlB6i7eI",Gendarmerie,311,58,12,4,2022-04-14,14,4,11:22:44,11,22,"['#Ukraine', '#IRCGN']",[],"#Ukraine â€¢ Sur le terrain, les gendarmes de l'#IRCGN, experts en scÃ¨nes de crimes et identification des victimes, apportent leur appui technique aux autoritÃ©s ukrainiennes. Les rÃ©sultats de leurs constatations pourront aussi Ãªtre transmis aux juridictions internationales. ",[201-500 likes],0
2022-04-14 18:10:06+00:00,1514667328184610817,"ğŸ‡ºğŸ‡¦ğŸ‡«ğŸ‡·#SolidaritÃ© #Ukraine Demain, dÃ©part du deuxiÃ¨me convoi de la SÃ©curitÃ© civile vers la Roumanie : 24 vÃ©hicules d'incendie et de secours ainsi que plus de 50 tonnes de matÃ©riel acheminÃ©s par 100 sapeurs-pompiers, sapeurs-sauveteurs et marins-pompiers ğŸ‘‰https://t.co/CbGbhmb9ge https://t.co/XCjRhB6ImS",SecCivileFrance,258,77,4,5,2022-04-14,14,4,18:10:06,18,10,"['#Solidarit', '#Ukraine']",[],"ğŸ‡ºğŸ‡¦ğŸ‡«ğŸ‡·#SolidaritÃ© #Ukraine Demain, dÃ©part du deuxiÃ¨me convoi de la SÃ©curitÃ© civile vers la Roumanie : 24 vÃ©hicules d'incendie et de secours ainsi que plus de 50 tonnes de matÃ©riel acheminÃ©s par 100 sapeurs-pompiers, sapeurs-sauveteurs et marins-pompiers ğŸ‘‰ ",[201-500 likes],1
2022-04-19 14:18:01+00:00,1516420858478272524,"#SolidaritÃ© #Ukraine ğŸ‡ºğŸ‡¦ğŸ¤ğŸ‡«ğŸ‡· ArrivÃ©s hier soir en #Roumanie, les sapeurs-pompiers, marins-pompiers et sapeurs-sauveteurs ont transmis ce matin les 23 vÃ©hicules dâ€™incendie et de secours et les plus de 50 tonnes de matÃ©riel dâ€™intervention Ã  leurs homologues ukrainiens. https://t.co/8PXtmCtVjv",SecCivileFrance,251,59,8,8,2022-04-19,19,4,14:18:01,14,18,"['#Solidarit', '#Ukraine', '#Roumanie']",[],"#SolidaritÃ© #Ukraine ğŸ‡ºğŸ‡¦ğŸ¤ğŸ‡«ğŸ‡· ArrivÃ©s hier soir en #Roumanie, les sapeurs-pompiers, marins-pompiers et sapeurs-sauveteurs ont transmis ce matin les 23 vÃ©hicules dâ€™incendie et de secours et les plus de 50 tonnes de matÃ©riel dâ€™intervention Ã  leurs homologues ukrainiens. ",[201-500 likes],1
2022-04-21 10:31:24+00:00,1517088604492869636,"#SolidaritÃ© #Ukraine ğŸ‡ºğŸ‡¦ğŸ¤ğŸ‡«ğŸ‡· ğŸ¥ Retour en vidÃ©o sur le deuxiÃ¨me convoi de sapeurs-pompiers, marins-pompiers et sapeurs-sauveteurs, qui ont parcouru 2500km pour transmettre 23 vÃ©hicules et plus de 50 tonnes de matÃ©riel dâ€™intervention aux pompiers ukrainiens â¤µï¸ https://t.co/ZYnksoqYAp",SecCivileFrance,142,46,1,4,2022-04-21,21,4,10:31:24,10,31,"['#Solidarit', '#Ukraine']",[],"#SolidaritÃ© #Ukraine ğŸ‡ºğŸ‡¦ğŸ¤ğŸ‡«ğŸ‡· ğŸ¥ Retour en vidÃ©o sur le deuxiÃ¨me convoi de sapeurs-pompiers, marins-pompiers et sapeurs-sauveteurs, qui ont parcouru 2500km pour transmettre 23 vÃ©hicules et plus de 50 tonnes de matÃ©riel dâ€™intervention aux pompiers ukrainiens â¤µï¸ ",[101-200 likes],1
2022-05-10 18:50:37+00:00,1524099606795239425,"#SolidaritÃ© #UkraineğŸ‡ºğŸ‡¦ğŸ¤ğŸ‡«ğŸ‡· Le 3e convoi de la SÃ©curitÃ© civile est parti ce matin dans le cadre du mÃ©canisme de protection civile de l'Union #EUCivPro.
@JeanCASTEX &amp; @JY_LeDrian sont venus saluer les 52 sapeurs-sauveteurs qui acheminent les 13 vÃ©hicules et le matÃ©riel en Roumanie. https://t.co/kKQqEVaBPC",SecCivileFrance,170,64,3,6,2022-05-10,10,5,18:50:37,18,50,"['#Solidarit', '#Ukraine', '#EUCivPro']","['@JeanCASTEX', '@JY']","#SolidaritÃ© #UkraineğŸ‡ºğŸ‡¦ğŸ¤ğŸ‡«ğŸ‡· Le 3e convoi de la SÃ©curitÃ© civile est parti ce matin dans le cadre du mÃ©canisme de protection civile de l'Union #EUCivPro.
@JeanCASTEX &amp; @JY_LeDrian sont venus saluer les 52 sapeurs-sauveteurs qui acheminent les 13 vÃ©hicules et le matÃ©riel en Roumanie. ",[101-200 likes],1
2022-05-13 07:01:00+00:00,1525008189380448256,"#Ukraine ğŸ‡ºğŸ‡¦ | La solidaritÃ© de la France se poursuit. 

GrÃ¢ce Ã  la mobilisation de plus de 1000 collectivitÃ©s locales et de plus de 50 entreprises, un 3e convoi est parti vers l'Ukraine en prÃ©sence de @JeanCastex et de @JY_LeDrian.

@francediplo https://t.co/IdE6ahH6tF",gouvernementFR,62,22,1,0,2022-05-13,13,5,07:01:00,7,1,['#Ukraine'],"['@JeanCastex', '@JY', '@francediplo']","#Ukraine ğŸ‡ºğŸ‡¦ | La solidaritÃ© de la France se poursuit. 

GrÃ¢ce Ã  la mobilisation de plus de 1000 collectivitÃ©s locales et de plus de 50 entreprises, un 3e convoi est parti vers l'Ukraine en prÃ©sence de @JeanCastex et de @JY_LeDrian.

@francediplo ",[1-100 likes],0
2022-05-21 16:12:00+00:00,1528045955769110529,"#UkraineÂ ğŸ‡ºğŸ‡¦ | Â« Nous menons une vie tranquille ici parce que nous sommes en sÃ©curitÃ©. Â»  
Rencontre avec Inna, ressortissante ukrainienne, qui a pu disposer dÃ¨s son arrivÃ©e en France dâ€™un accÃ¨s au logement et dâ€™une offre de formation pour apprendre le franÃ§ais â¤µï¸ https://t.co/LTsatLV5xn",gouvernementFR,88,30,13,2,2022-05-21,21,5,16:12:00,16,12,['#Ukraine'],[],"#UkraineÂ ğŸ‡ºğŸ‡¦ | Â« Nous menons une vie tranquille ici parce que nous sommes en sÃ©curitÃ©. Â»  
Rencontre avec Inna, ressortissante ukrainienne, qui a pu disposer dÃ¨s son arrivÃ©e en France dâ€™un accÃ¨s au logement et dâ€™une offre de formation pour apprendre le franÃ§ais â¤µï¸ ",[1-100 likes],0
2022-06-07 11:02:01+00:00,1534128538944565250,"#Ukraine ğŸ‡ºğŸ‡¦ | Oleksandra, Ukrainienne habitant en France, a dÃ©cidÃ© de devenir bÃ©nÃ©vole auprÃ¨s de la @SPA_Officiel dans le cadre de lâ€™accueil des dÃ©placÃ©s ukrainiens avec leurs animaux. ğŸ±ğŸ¶

ğŸ‘‰ Vous souhaitez vous engager ? Rendez-vous sur https://t.co/SSktY6DZAP https://t.co/aHKdzWe05H",gouvernementFR,66,28,1,0,2022-06-07,7,6,11:02:01,11,2,['#Ukraine'],['@SPA'],"#Ukraine ğŸ‡ºğŸ‡¦ | Oleksandra, Ukrainienne habitant en France, a dÃ©cidÃ© de devenir bÃ©nÃ©vole auprÃ¨s de la @SPA_Officiel dans le cadre de lâ€™accueil des dÃ©placÃ©s ukrainiens avec leurs animaux. ğŸ±ğŸ¶

ğŸ‘‰ Vous souhaitez vous engager ? Rendez-vous sur  ",[1-100 likes],0
2022-06-20 16:20:21+00:00,1538919693104435203,"#Ukraine ğŸ‡ºğŸ‡¦ | Pour venir en aide aux Ukrainiens arrivant en France, Michel Maestre a crÃ©Ã© une plateforme de mise en relation avec des psychologues et des psychothÃ©rapeutes qui parlent russe ou ukrainien. ğŸ—£ï¸

Pour plus dâ€™informations ğŸ‘‰ https://t.co/t71HBcaKxv https://t.co/SQTlkaTqoP",gouvernementFR,32,20,1,1,2022-06-20,20,6,16:20:21,16,20,['#Ukraine'],[],"#Ukraine ğŸ‡ºğŸ‡¦ | Pour venir en aide aux Ukrainiens arrivant en France, Michel Maestre a crÃ©Ã© une plateforme de mise en relation avec des psychologues et des psychothÃ©rapeutes qui parlent russe ou ukrainien. ğŸ—£ï¸

Pour plus dâ€™informations ğŸ‘‰  ",[1-100 likes],0
2022-06-23 17:00:33+00:00,1540016974956298241,"#Ukraine Depuis plus de deux mois, des #gendarmes experts de l'IRCGN apportent leur appui aux autoritÃ©s judiciaires ukrainiennes. Leurs compÃ©tences en balistique et en modÃ©lisation des scÃ¨nes de crimes sont notamment mises Ã  contribution  #IRCGN #Gendarmerie https://t.co/9zgwdh2Fjw",Gendarmerie,315,55,7,3,2022-06-23,23,6,17:00:33,17,0,"['#Ukraine', '#gendarmes', '#IRCGN', '#Gendarmerie']",[],"#Ukraine Depuis plus de deux mois, des #gendarmes experts de l'IRCGN apportent leur appui aux autoritÃ©s judiciaires ukrainiennes. Leurs compÃ©tences en balistique et en modÃ©lisation des scÃ¨nes de crimes sont notamment mises Ã  contribution  #IRCGN #Gendarmerie ",[201-500 likes],0
